actual,predicted
80.0,74.203476
80.0,60.470028
73.33,50.060368
66.67,53.30132
53.33,44.924088
66.67,59.529823
66.67,54.2238
66.67,69.262566
26.67,47.33893
53.33,52.882572
40.0,60.72946
26.67,53.345856
53.33,45.674206
73.33,46.346718
20.0,46.32667
80.0,77.77039
80.0,65.523224
40.0,65.71411
40.0,37.30919
53.33,32.882954
46.67,61.38387
66.67,48.964977
46.67,53.259827
46.67,40.964333
53.33,58.935974
46.67,68.02424
86.67,71.363045
20.0,47.603043
53.33,46.6766
80.0,72.44694
60.0,55.366364
33.33,54.9713
53.33,70.272606
40.0,36.427376
60.0,54.070965
60.0,78.00681
80.0,61.648354
33.33,31.864635
46.67,56.75245
0.0,32.150303
20.0,42.761837
33.33,32.55697
40.0,37.483425
66.67,57.509216
100.0,71.52345
20.0,47.80843
40.0,37.902527
6.67,36.034874
80.0,60.74433
53.33,45.858734
60.0,38.23825
66.67,69.944374
60.0,31.3971
60.0,56.360863
6.67,37.1059
46.67,40.50978
40.0,46.36886
53.33,49.50206
80.0,30.489544
40.0,61.925854
53.33,46.462936
66.67,53.428043
53.33,46.834347
93.33,73.378845
93.33,71.16017
40.0,55.170074
73.33,45.212486
26.67,39.059975
73.33,58.225967
40.0,37.761078
33.33,58.109695
40.0,44.6307
6.67,36.26988
66.67,48.425903
53.33,46.777912
33.33,65.66655
6.67,37.67611
86.67,54.05292
40.0,37.010063
53.33,44.57034
33.33,46.353104
40.0,36.71631
60.0,54.98873
46.67,68.206985
93.33,68.66235
93.33,58.516537
60.0,49.08184
53.33,47.322968
53.33,37.568256
60.0,56.071594
93.33,79.570595
26.67,53.958084
46.67,38.1347
80.0,72.81296
46.67,62.171158
53.33,46.33236
80.0,43.631058
60.0,32.612534
46.67,56.521187
46.67,38.67644
46.67,77.25852
26.67,37.248825
53.33,50.970787
60.0,57.62799
73.33,68.14407
40.0,40.649788
40.0,45.8928
66.67,79.95089
20.0,47.706062
6.67,39.64083
100.0,263.10214
46.67,65.97294
40.0,37.474854
46.67,41.546425
80.0,72.1471
13.33,39.6522
80.0,60.273197
26.67,46.923275
80.0,57.7233
73.33,40.434612
40.0,36.862427
46.67,71.58881
46.67,39.125446
53.33,45.33723
0.0,31.815876
20.0,44.068504
6.67,35.64583
40.0,38.311485
0.0,31.16627
6.67,37.97102
33.33,41.875107
60.0,42.715942
46.67,39.684372
60.0,50.553757
73.33,40.871162
53.33,38.792397
93.33,77.50353
33.33,46.40389
66.67,93.8559
60.0,56.448845
40.0,57.773693
73.33,45.243576
60.0,74.09159
46.67,59.030342
80.0,59.438225
66.67,52.812237
66.67,54.900055
80.0,44.28076
80.0,65.7068
46.67,72.22468
40.0,38.041824
100.0,45.799316
0.0,31.441584
46.67,38.85477
46.67,43.71287
46.67,76.6863
46.67,65.2403
46.67,63.63939
26.67,55.089592
20.0,43.222466
0.0,30.925909
66.67,69.85384
86.67,72.1198
60.0,69.05044
53.33,42.707382
60.0,49.810947
93.33,69.62004
40.0,41.281944
40.0,46.964222
20.0,32.38761
66.67,50.62341
60.0,63.05194
60.0,67.63531
80.0,51.075783
80.0,61.85414
33.33,32.2976
20.0,38.227287
26.67,46.69861
40.0,35.215553
73.33,53.52909
33.33,31.85749
46.67,72.4837
53.33,46.95411
40.0,57.900803
40.0,37.312992
93.33,77.967995
40.0,36.27689
80.0,61.045418
53.33,31.951641
66.67,53.23804
73.33,67.14279
66.67,49.66896
33.33,39.267067
20.0,46.021057
66.67,55.908504
80.0,60.821556
60.0,60.46636
20.0,46.50624
93.33,53.495167
53.33,35.447483
20.0,44.815674
93.33,52.68925
0.0,30.272991
40.0,59.095264
0.0,31.871872
40.0,37.32486
66.67,55.400368
53.33,30.793587
66.67,52.382015
0.0,30.855776
46.67,39.063744
93.33,56.73388
20.0,49.614414
100.0,61.94333
33.33,32.20499
13.33,37.40891
46.67,35.705612
26.67,52.439445
40.0,68.83169
46.67,58.036488
6.67,36.05783
46.67,69.42478
73.33,49.928165
86.67,61.129406
80.0,45.61113
100.0,76.54208
60.0,58.354362
40.0,63.307217
20.0,38.11931
46.67,39.965775
46.67,57.42664
26.67,37.690968
40.0,43.721973
66.67,38.442947
0.0,31.82779
46.67,66.06829
33.33,56.41666
13.33,38.997276
66.67,27.187096
40.0,39.04989
46.67,64.89257
100.0,56.587456
53.33,49.286377
0.0,33.61325
13.33,41.86737
86.67,48.431953
33.33,30.784359
60.0,38.391777
100.0,89.267006
40.0,53.871277
46.67,63.340523
73.33,57.804573
53.33,73.04218
60.0,37.29987
33.33,53.20702
46.67,68.25194
66.67,62.88192
33.33,37.390106
46.67,46.93264
73.33,66.99717
33.33,38.80777
86.67,77.65707
40.0,38.947254
86.67,60.062904
46.67,68.36518
46.67,41.51824
33.33,67.32073
53.33,46.331543
60.0,39.073967
80.0,67.29627
20.0,50.46376
53.33,40.432884
80.0,-159.45325
100.0,65.2048
33.33,65.39868
60.0,57.874992
93.33,45.77822
73.33,41.688705
6.67,37.186943
93.33,75.62109
6.67,38.547695
40.0,38.470768
93.33,68.00212
73.33,50.06053
26.67,42.100388
20.0,49.501984
53.33,69.85882
73.33,62.87545
80.0,67.27455
20.0,46.250412
73.33,63.77837
46.67,41.36793
60.0,56.07904
93.33,85.401146
33.33,32.06846
66.67,83.66151
60.0,55.250565
86.67,83.00027
60.0,36.792084
60.0,61.294285
100.0,91.51149
40.0,40.13288
66.67,162.33447
100.0,81.025856
40.0,36.349457
53.33,46.26918
40.0,56.76424
26.67,41.43365
40.0,53.856716
66.67,52.273758
80.0,68.76631
60.0,54.473495
60.0,56.547592
33.33,60.059166
60.0,51.14019
53.33,43.35116
66.67,39.04466
40.0,48.186974
46.67,56.99243
20.0,42.679283
20.0,45.588028
20.0,45.266342
80.0,68.57502
66.67,41.206
46.67,60.33573
73.33,45.409683
73.33,56.414658
86.67,54.33718
73.33,44.338165
100.0,66.0987
80.0,45.05687
73.33,40.63015
20.0,47.21691
0.0,30.669743
0.0,32.81452
40.0,51.22167
53.33,31.114103
93.33,63.555977
66.67,55.30558
60.0,56.429886
0.0,30.871275
80.0,50.153
46.67,49.900272
66.67,72.92574
26.67,37.577797
33.33,42.815315
86.67,49.34573
66.67,85.40108
53.33,47.158913
40.0,52.291054
66.67,57.636536
66.67,59.53232
46.67,39.06193
33.33,30.772741
6.67,36.210144
20.0,35.609104
46.67,59.264877
40.0,36.41058
53.33,48.745064
40.0,47.17441
73.33,67.825005
33.33,59.048153
40.0,38.923717
26.67,49.19982
66.67,58.589634
20.0,30.45263
13.33,40.427177
53.33,43.54315
33.33,54.366295
60.0,53.310905
80.0,46.415062
33.33,59.595367
46.67,40.11558
46.67,40.246502
46.67,46.51998
6.67,37.03683
66.67,59.375397
40.0,38.454716
33.33,51.090466
13.33,41.710125
20.0,52.081604
13.33,39.739326
33.33,31.17194
46.67,54.172813
33.33,48.235527
53.33,53.78587
53.33,54.28286
66.67,79.90109
26.67,55.322144
20.0,38.161556
33.33,65.95507
53.33,44.170425
53.33,42.745872
53.33,45.832123
33.33,52.4515
40.0,38.76538
26.67,52.991035
66.67,63.203342
60.0,55.277096
80.0,51.50038
26.67,38.89507
6.67,36.16474
66.67,60.05611
46.67,72.948166
73.33,52.376495
93.33,67.18266
60.0,57.929848
33.33,56.373142
6.67,36.3891
60.0,35.490112
33.33,32.954487
66.67,65.26363
40.0,38.155495
46.67,43.62828
33.33,44.74729
26.67,60.21299
40.0,62.694515
60.0,52.89694
80.0,107.746155
53.33,50.74888
86.67,54.65544
46.67,57.56678
53.33,44.541054
40.0,64.80195
33.33,30.653616
40.0,37.773697
53.33,49.81736
46.67,41.535973
26.67,43.236908
46.67,39.71392
53.33,43.92119
33.33,51.068604
46.67,73.12441
20.0,46.56335
46.67,71.118675
53.33,63.400887
6.67,36.429943
26.67,40.710728
86.67,56.348305
40.0,55.2501
100.0,75.66482
26.67,43.219856
40.0,36.29658
100.0,78.53368
40.0,53.258774
53.33,45.520973
53.33,49.097343
40.0,38.91724
33.33,31.193525
26.67,58.95436
20.0,47.467976
20.0,39.266296
53.33,44.738068
60.0,61.696415
80.0,54.96518
66.67,81.30971
33.33,60.54866
33.33,58.24856
33.33,52.38529
26.67,53.468056
80.0,58.884445
20.0,45.285805
100.0,85.336494
20.0,45.432068
46.67,52.29594
46.67,64.39773
40.0,47.19442
93.33,41.97642
40.0,54.40612
60.0,51.869556
33.33,33.42292
60.0,70.56035
66.67,39.279743
66.67,77.90978
20.0,45.382286
46.67,41.326622
60.0,57.221153
13.33,40.274475
66.67,62.976906
80.0,44.015163
53.33,55.64554
60.0,46.714836
26.67,52.72673
80.0,73.2361
20.0,47.8265
33.33,31.983528
6.67,35.135963
80.0,57.82937
100.0,71.9546
20.0,47.01966
33.33,29.636356
6.67,33.766052
93.33,82.72273
33.33,54.881603
100.0,92.75579
66.67,63.8623
86.67,80.15406
6.67,39.27611
93.33,64.873344
66.67,59.3335
100.0,70.06281
93.33,70.31422
40.0,36.861214
26.67,49.467762
0.0,32.511
6.67,39.68181
20.0,43.91301
66.67,58.065292
40.0,57.39704
60.0,48.198425
20.0,37.05233
53.33,47.79444
46.67,39.74843
60.0,85.71053
93.33,82.669785
53.33,45.922478
66.67,41.895622
40.0,44.895725
26.67,57.363644
13.33,40.687923
33.33,32.12958
80.0,55.842518
60.0,53.28047
53.33,83.535164
40.0,54.585598
66.67,51.686165
26.67,35.33349
20.0,47.297848
73.33,45.586266
80.0,62.800842
46.67,39.962395
53.33,46.80439
73.33,51.153526
80.0,48.097706
40.0,52.002464
73.33,55.412056
66.67,46.95141
73.33,51.57952
93.33,57.63634
46.67,78.31344
60.0,38.960648
0.0,32.943146
66.67,60.50392
80.0,51.467865
13.33,40.234077
6.67,38.78602
80.0,43.02289
73.33,52.903515
60.0,67.7275
66.67,59.42778
33.33,32.00643
40.0,37.534817
0.0,31.816162
40.0,62.174576
33.33,33.150402
53.33,44.632698
100.0,50.06727
33.33,47.00594
33.33,48.434944
46.67,40.089207
33.33,53.84805
40.0,39.012356
66.67,66.3249
40.0,52.4352
53.33,47.057205
53.33,44.49174
46.67,55.310116
66.67,59.288868
46.67,50.215607
26.67,38.33611
40.0,68.52157
60.0,36.800438
86.67,59.72075
46.67,70.142784
66.67,46.922745
73.33,56.68325
20.0,45.9563
80.0,76.10223
66.67,65.00132
53.33,64.80343
46.67,41.3976
20.0,47.33642
40.0,37.196457
20.0,51.081238
40.0,68.32467
33.33,31.28464
53.33,44.31124
80.0,47.480488
53.33,64.56104
40.0,63.24373
46.67,54.953915
73.33,58.538967
40.0,46.98803
66.67,40.661552
53.33,77.40632
40.0,35.96462
20.0,35.888847
33.33,63.228165
53.33,45.12733
53.33,46.95381
60.0,40.4217
26.67,44.894478
40.0,46.128014
46.67,48.64662
86.67,75.78112
100.0,85.12847
80.0,52.89634
20.0,46.34851
53.33,47.956303
33.33,61.305313
46.67,39.63285
80.0,51.85839
66.67,65.65399
13.33,37.9611
66.67,67.42176
40.0,47.40174
80.0,55.57158
66.67,59.178925
66.67,47.195107
20.0,36.468384
40.0,47.581688
60.0,39.765247
33.33,32.969448
40.0,37.333786
46.67,48.86853
66.67,46.622284
40.0,50.9961
46.67,75.470024
73.33,58.611607
13.33,38.20791
46.67,69.35867
60.0,54.79377
13.33,39.859688
53.33,39.37086
6.67,37.721863
46.67,74.024025
60.0,66.53774
33.33,30.498108
26.67,31.628494
33.33,31.543835
20.0,50.65636
66.67,60.235878
46.67,38.62264
20.0,46.00808
66.67,38.40012
33.33,52.715446
53.33,43.820503
53.33,45.29268
80.0,49.32267
20.0,33.133568
46.67,40.556816
93.33,56.39266
80.0,42.913483
60.0,50.881096
13.33,38.76906
33.33,63.782356
86.67,48.90963
40.0,65.00293
60.0,42.11739
53.33,46.65095
53.33,47.567375
33.33,52.573086
60.0,48.339424
46.67,61.561455
26.67,53.352448
66.67,63.110706
20.0,43.733242
80.0,67.778496
73.33,44.855186
46.67,51.560257
33.33,31.067053
20.0,32.873116
53.33,48.392563
60.0,46.308723
40.0,51.721798
33.33,40.17064
60.0,35.408596
46.67,61.56166
33.33,61.128998
60.0,48.29389
73.33,64.31096
26.67,30.127686
40.0,62.09331
33.33,58.83442
26.67,42.5104
80.0,50.94482
73.33,62.926487
26.67,43.278122
86.67,71.49353
40.0,46.263695
60.0,49.93547
93.33,73.096306
66.67,58.633614
53.33,44.281445
53.33,32.888096
100.0,70.52268
46.67,41.735123
33.33,31.779795
26.67,49.083103
66.67,36.354183
33.33,28.710499
73.33,61.357407
80.0,49.3507
60.0,60.143547
80.0,49.4896
53.33,46.126343
46.67,41.611397
46.67,42.70026
33.33,59.95803
33.33,31.38807
0.0,31.852627
53.33,45.623905
73.33,67.71427
20.0,48.206173
66.67,36.78236
73.33,40.77625
40.0,61.07501
40.0,40.103302
53.33,48.29226
86.67,82.10251
33.33,46.24675
60.0,45.972595
46.67,51.644028
20.0,42.159504
0.0,31.67981
33.33,46.780952
66.67,62.88165
80.0,55.38913
73.33,47.965347
20.0,47.67642
60.0,52.953194
26.67,50.469044
60.0,62.454998
73.33,56.442898
40.0,52.295517
20.0,44.001175
46.67,37.292107
66.67,54.276386
60.0,31.104635
73.33,43.485153
73.33,58.91265
93.33,67.34275
60.0,65.85084
20.0,42.643974
26.67,48.421284
60.0,68.67289
33.33,31.22198
53.33,45.963974
33.33,39.564545
73.33,-157.94778
40.0,45.993984
86.67,52.312668
53.33,44.103745
80.0,78.037865
40.0,47.117134
53.33,48.751007
33.33,50.485134
40.0,61.170353
80.0,46.65329
73.33,42.14393
100.0,52.90461
40.0,66.84079
40.0,39.07605
80.0,58.82077
33.33,36.430725
6.67,33.95975
6.67,36.98329
46.67,38.65689
73.33,68.479576
46.67,75.21211
73.33,66.040016
53.33,77.547005
60.0,79.54975
46.67,40.71195
100.0,73.46566
33.33,44.260235
40.0,39.042862
100.0,72.52002
20.0,46.40074
46.67,38.17324
53.33,49.09214
40.0,56.649834
73.33,52.4325
66.67,65.263466
46.67,72.996475
33.33,54.84694
60.0,58.397263
33.33,30.535767
53.33,36.80909
66.67,64.71063
53.33,42.90798
53.33,45.313675
33.33,40.612736
13.33,41.709366
53.33,44.659615
66.67,47.450806
33.33,52.299694
33.33,33.23401
80.0,52.97203
100.0,81.006996
66.67,84.31663
26.67,32.443035
40.0,45.691772
66.67,53.478413
60.0,86.4133
40.0,36.087845
86.67,54.981293
86.67,70.89474
33.33,31.5154
33.33,37.253494
93.33,72.276306
73.33,46.46003
33.33,48.312965
40.0,57.238873
73.33,62.762054
66.67,44.504715
33.33,52.35704
46.67,39.575813
66.67,50.317474
40.0,64.75501
26.67,35.800816
66.67,84.41429
6.67,34.91954
46.67,40.88992
73.33,64.31155
46.67,49.555336
40.0,53.292477
53.33,42.421318
33.33,40.375523
40.0,66.646
13.33,38.80294
40.0,64.92303
73.33,58.658424
60.0,55.528214
40.0,45.054527
53.33,46.028305
20.0,42.560783
6.67,33.79333
53.33,30.377253
66.67,61.28072
60.0,47.704845
86.67,56.073666
26.67,59.089577
33.33,53.490097
6.67,37.238518
73.33,63.151047
93.33,79.94354
73.33,54.261726
13.33,38.58018
80.0,67.54864
40.0,38.449753
53.33,44.96985
20.0,49.91837
46.67,70.50446
86.67,40.243565
33.33,58.704784
100.0,74.98902
66.67,60.172813
73.33,49.335434
0.0,29.996662
26.67,47.951916
53.33,58.10133
60.0,67.87391
53.33,47.3356
53.33,49.01841
73.33,48.944733
46.67,62.53223
60.0,38.13384
60.0,64.22161
60.0,35.455986
33.33,41.415306
46.67,62.983612
53.33,45.02585
33.33,32.793373
46.67,38.86214
80.0,75.79856
60.0,54.560577
66.67,52.69606
53.33,45.31622
13.33,39.90655
66.67,66.39001
73.33,46.858063
53.33,43.668736
60.0,53.93802
100.0,64.59268
46.67,39.253704
33.33,34.29067
40.0,57.128784
26.67,35.960526
66.67,72.2387
80.0,45.36561
13.33,41.491127
33.33,65.8048
53.33,46.75686
20.0,30.070114
66.67,66.55126
33.33,39.134453
60.0,38.056187
0.0,29.863632
20.0,46.742577
73.33,40.88406
46.67,39.27329
33.33,32.148533
46.67,48.669056
46.67,46.559776
60.0,51.37867
40.0,67.29745
46.67,53.27516
40.0,37.196568
13.33,41.442474
73.33,60.33953
33.33,52.206726
40.0,50.07798
20.0,41.228977
66.67,49.956734
46.67,56.2432
66.67,66.43001
13.33,42.059097
53.33,29.660513
100.0,82.42968
93.33,50.67629
6.67,36.52804
66.67,68.67546
73.33,46.871468
53.33,38.04552
80.0,53.440826
86.67,57.55517
53.33,45.26558
80.0,57.103954
86.67,13.698738
60.0,72.025734
66.67,76.13009
93.33,59.748928
20.0,44.923607
93.33,63.336143
53.33,66.08683
80.0,36.343796
20.0,46.99176
0.0,33.94922
73.33,67.16662
60.0,71.95648
0.0,33.833527
93.33,72.716774
73.33,67.45607
0.0,32.45774
100.0,52.50187
26.67,35.41191
46.67,38.446877
6.67,36.743233
26.67,43.552162
40.0,38.812325
86.67,49.49556
66.67,56.28134
26.67,50.56196
33.33,42.322765
20.0,43.597916
40.0,44.854416
73.33,64.717476
46.67,60.43463
66.67,51.0534
66.67,43.10058
73.33,66.29001
66.67,50.504284
33.33,32.078632
26.67,38.90034
33.33,65.33731
73.33,45.406864
100.0,70.72048
6.67,37.546974
66.67,74.869965
53.33,38.140293
100.0,96.804375
6.67,38.880676
53.33,38.67477
20.0,44.559334
60.0,34.835403
80.0,39.1221
53.33,42.30564
46.67,73.39828
40.0,63.208866
60.0,62.614487
26.67,36.623146
33.33,59.15486
33.33,48.014763
100.0,62.564243
66.67,151.68001
73.33,67.00874
46.67,39.89561
46.67,53.823456
60.0,45.163445
33.33,53.952595
53.33,47.57756
100.0,78.73814
73.33,40.147392
26.67,43.88025
100.0,72.53603
40.0,52.324844
80.0,43.61821
40.0,51.73944
26.67,41.351135
80.0,43.898888
53.33,65.261086
73.33,52.34312
80.0,59.32543
60.0,76.630806
46.67,46.329273
60.0,43.643612
53.33,44.413082
60.0,58.02981
60.0,34.248154
66.67,53.02419
33.33,32.9901
46.67,57.711365
0.0,29.624315
40.0,37.487
33.33,30.351524
46.67,53.781204
80.0,78.528984
40.0,39.322453
33.33,31.26065
60.0,32.003746
53.33,41.987144
73.33,51.053963
33.33,36.254158
46.67,39.69153
40.0,65.86516
26.67,36.889343
100.0,63.12547
33.33,30.635258
73.33,38.99944
60.0,59.261078
80.0,52.60269
26.67,32.996643
40.0,37.923367
46.67,38.738388
80.0,42.105812
66.67,51.656548
60.0,45.677208
86.67,69.92988
33.33,45.941597
40.0,52.365746
93.33,63.794235
46.67,60.9871
33.33,33.368526
26.67,42.762356
60.0,55.07315
73.33,46.42961
73.33,40.504223
40.0,55.67055
6.67,38.163303
33.33,31.354687
73.33,62.906647
66.67,71.26219
53.33,47.03083
80.0,53.047592
33.33,39.55178
26.67,34.139523
20.0,37.787357
26.67,42.10453
40.0,65.28097
66.67,65.07429
93.33,68.68211
53.33,44.67549
40.0,35.63772
53.33,44.89605
66.67,38.518894
80.0,55.270187
53.33,33.230682
66.67,53.33252
66.67,78.38966
86.67,43.291782
53.33,31.572641
40.0,67.44995
46.67,52.921883
53.33,63.778103
46.67,55.23201
46.67,41.379288
33.33,32.06327
86.67,502.3145
60.0,52.434906
53.33,45.82583
6.67,36.816486
66.67,66.684525
0.0,32.358894
40.0,59.31764
53.33,52.230316
26.67,45.13913
46.67,49.75634
26.67,51.28088
60.0,57.340027
60.0,55.6928
80.0,65.07943
66.67,66.63331
86.67,47.77004
93.33,59.43589
53.33,48.153366
60.0,41.12906
13.33,41.915825
40.0,61.902264
66.67,41.23426
46.67,54.42006
80.0,54.293106
93.33,79.85029
46.67,74.99691
46.67,42.22423
46.67,67.04382
66.67,61.664375
26.67,54.497093
40.0,62.403725
13.33,41.117172
40.0,39.40531
60.0,31.03072
53.33,38.707928
6.67,36.28711
26.67,48.41561
20.0,46.56699
20.0,50.759743
53.33,42.744568
40.0,64.72849
80.0,59.498848
66.67,45.10528
40.0,44.932648
26.67,44.549835
46.67,39.807228
33.33,30.593483
60.0,36.239944
26.67,43.555122
33.33,28.13588
33.33,38.170418
60.0,35.747322
66.67,56.37776
66.67,66.9514
53.33,37.412525
66.67,39.370888
66.67,47.34633
46.67,60.882446
0.0,33.800835
6.67,36.472687
46.67,48.69175
46.67,67.46337
66.67,88.791466
26.67,48.407143
33.33,63.160385
80.0,70.051384
80.0,37.026352
13.33,42.182976
100.0,50.54676
33.33,45.186665
53.33,46.16236
40.0,35.7031
33.33,65.958145
20.0,49.15561
33.33,59.12649
66.67,59.586212
60.0,38.11102
20.0,46.194508
40.0,57.626488
73.33,48.048866
26.67,61.079506
60.0,42.557266
33.33,47.78852
66.67,86.85001
100.0,71.510086
53.33,45.316223
66.67,51.020252
53.33,52.833786
20.0,43.227753
0.0,32.02373
6.67,36.18375
53.33,29.157196
73.33,67.84905
26.67,59.73453
6.67,38.389114
100.0,76.80083
40.0,65.38151
80.0,57.19844
40.0,58.4127
66.67,58.189915
0.0,32.753372
26.67,37.977837
53.33,48.45897
46.67,60.99908
20.0,48.47386
0.0,29.04347
60.0,38.545826
46.67,54.62903
73.33,58.288246
66.67,76.304344
73.33,51.45573
20.0,43.4903
6.67,41.72271
40.0,36.242977
66.67,53.684566
53.33,43.83738
40.0,39.410603
73.33,46.54608
60.0,42.735065
53.33,48.412663
46.67,45.31707
40.0,36.491474
53.33,45.661316
40.0,64.281
80.0,59.924812
100.0,86.81083
73.33,40.88242
0.0,30.222355
26.67,53.451958
46.67,67.8625
60.0,76.52471
40.0,48.002586
33.33,46.557266
40.0,38.260162
66.67,46.829433
66.67,59.13178
33.33,62.743286
0.0,31.275326
0.0,33.714424
80.0,65.220795
80.0,62.20733
0.0,33.929134
46.67,40.772583
33.33,39.339447
26.67,42.878075
6.67,36.28898
40.0,68.19723
13.33,40.93261
60.0,69.89918
46.67,37.60389
46.67,40.94075
53.33,43.07229
53.33,46.90454
66.67,74.727715
40.0,36.368828
86.67,60.19081
20.0,36.761997
33.33,45.700108
46.67,41.91032
40.0,58.11519
66.67,50.46404
26.67,59.770203
20.0,44.413208
40.0,37.416897
46.67,74.33114
40.0,48.430904
26.67,43.082985
33.33,66.61862
60.0,42.226864
60.0,39.1467
46.67,43.006016
66.67,44.784786
40.0,38.18966
46.67,38.80625
66.67,42.536102
80.0,60.33629
20.0,47.208443
73.33,59.42604
80.0,45.4915
80.0,62.41074
46.67,40.288086
60.0,50.09616
66.67,36.790234
53.33,45.01436
40.0,39.41338
53.33,32.496586
20.0,44.309097
40.0,36.34597
100.0,77.99494
66.67,88.94224
46.67,73.12022
6.67,36.92733
46.67,67.12009
60.0,68.24096
13.33,40.68093
26.67,43.183777
13.33,38.692677
26.67,40.188297
33.33,58.009323
33.33,59.742027
60.0,82.13308
20.0,45.46962
60.0,49.65339
0.0,29.444725
46.67,52.555607
93.33,72.84735
46.67,46.13852
46.67,57.822495
46.67,40.126328
66.67,53.67766
20.0,44.141594
66.67,72.3413
33.33,31.705647
93.33,54.995094
93.33,56.912247
46.67,63.798725
20.0,49.009975
60.0,59.29654
66.67,49.49186
80.0,73.19082
80.0,65.602
26.67,37.526936
100.0,70.64714
40.0,50.940468
40.0,39.41441
0.0,30.131893
100.0,63.975746
33.33,59.94345
53.33,51.019253
53.33,50.60377
46.67,39.431026
100.0,63.809967
33.33,57.531384
86.67,41.731895
26.67,47.126236
53.33,60.632133
93.33,59.37582
26.67,38.36232
33.33,38.073463
73.33,58.656387
86.67,79.02018
0.0,31.718483
53.33,47.6883
93.33,69.89712
66.67,52.65686
20.0,35.718475
66.67,58.03202
80.0,52.58737
80.0,61.877357
20.0,44.43133
33.33,59.848946
33.33,39.75287
53.33,45.08487
86.67,62.494087
20.0,32.529354
80.0,72.152
33.33,60.388767
0.0,29.49778
33.33,53.762703
73.33,47.5255
93.33,72.96143
33.33,60.94314
20.0,37.083954
40.0,45.43863
46.67,70.83097
33.33,32.293816
93.33,68.44729
26.67,41.62452
6.67,37.092537
53.33,56.971848
73.33,52.70784
33.33,59.981728
66.67,62.1399
86.67,50.504932
53.33,68.203354
13.33,40.716896
40.0,46.77104
60.0,32.022774
33.33,42.257706
80.0,69.53391
13.33,40.455704
33.33,42.505566
46.67,50.47764
53.33,46.135376
60.0,51.462452
46.67,64.26122
0.0,31.21447
33.33,47.00865
26.67,42.2395
33.33,40.838547
33.33,42.806046
100.0,80.103836
60.0,64.90882
26.67,52.75244
66.67,79.3093
60.0,53.125378
66.67,78.22178
40.0,63.656796
6.67,40.62685
60.0,62.32769
60.0,58.855614
40.0,55.560806
66.67,53.942417
20.0,43.812424
40.0,56.080902
46.67,56.14909
80.0,51.848434
66.67,67.834145
53.33,83.11999
60.0,33.389008
53.33,45.58879
20.0,45.69039
46.67,52.01058
60.0,59.182922
20.0,32.68318
46.67,42.39498
46.67,49.072083
26.67,42.351868
60.0,55.68302
60.0,52.53779
40.0,35.75203
33.33,55.732464
20.0,48.186752
93.33,63.343292
33.33,43.890213
40.0,35.798103
66.67,46.547665
93.33,52.167793
13.33,38.57036
46.67,62.067112
13.33,39.430508
60.0,38.050125
60.0,29.569225
66.67,43.780678
46.67,61.67465
53.33,45.42666
86.67,78.042435
26.67,37.344208
6.67,38.953667
46.67,39.89693
20.0,37.370766
46.67,50.660347
53.33,45.825024
80.0,46.80974
46.67,39.657223
73.33,69.78213
33.33,67.00982
60.0,55.13627
60.0,53.62272
53.33,31.564447
13.33,39.603004
100.0,44.997353
13.33,41.630196
60.0,45.095222
40.0,62.737255
100.0,86.736336
40.0,39.83812
86.67,46.399834
33.33,55.561913
66.67,87.910194
73.33,54.821457
66.67,68.925705
13.33,38.72071
60.0,39.41494
20.0,31.217636
66.67,46.243458
33.33,45.282623
6.67,36.60721
33.33,32.486713
0.0,30.021275
40.0,53.198418
20.0,46.241894
73.33,67.93556
26.67,38.745605
13.33,39.551292
86.67,65.720634
46.67,62.373466
100.0,77.678764
26.67,35.763863
66.67,38.14772
93.33,80.73686
26.67,55.5475
53.33,49.15161
80.0,75.116646
40.0,38.526634
33.33,31.703314
26.67,30.093035
86.67,44.09978
66.67,52.476624
80.0,52.794212
73.33,52.676727
86.67,65.158104
26.67,36.342995
26.67,46.69876
6.67,38.870293
60.0,49.065735
86.67,59.41411
26.67,44.31833
53.33,46.613533
40.0,62.50156
40.0,62.93017
73.33,49.73356
53.33,42.601913
33.33,30.355694
66.67,59.294655
86.67,39.42
20.0,44.955467
60.0,56.078674
53.33,70.11316
73.33,39.03134
0.0,31.091457
40.0,45.69758
33.33,35.3424
46.67,64.098465
46.67,49.4863
40.0,44.817356
46.67,47.295353
33.33,57.096058
13.33,38.84001
40.0,38.390057
40.0,56.32592
80.0,71.39765
60.0,36.509636
80.0,56.6377
33.33,30.975273
6.67,37.444542
73.33,43.834965
60.0,50.661705
46.67,53.593422
13.33,42.32489
80.0,59.312256
46.67,41.599968
40.0,37.86159
33.33,30.971313
13.33,40.244972
26.67,42.03766
20.0,46.84613
93.33,57.145603
100.0,69.15072
73.33,63.94467
100.0,53.169903
80.0,48.436806
13.33,39.5459
80.0,52.316696
100.0,70.99711
60.0,56.325737
20.0,46.623848
93.33,65.999176
73.33,48.36627
33.33,29.932383
53.33,66.83337
46.67,64.117004
66.67,87.084984
60.0,50.030136
20.0,45.77967
60.0,32.14623
86.67,62.53055
73.33,53.76986
86.67,67.73637
0.0,33.34963
100.0,57.178535
40.0,61.95102
80.0,78.55262
53.33,54.310677
33.33,56.30052
53.33,74.37525
60.0,57.66385
86.67,56.06421
66.67,43.21524
60.0,-180.18712
93.33,72.080574
73.33,54.854317
73.33,68.06493
6.67,36.796196
33.33,32.02392
13.33,40.016403
60.0,34.69216
46.67,42.45488
33.33,32.014645
26.67,55.500122
86.67,64.21053
53.33,45.52682
66.67,68.87635
53.33,48.48212
13.33,39.029236
80.0,49.16416
33.33,60.931488
26.67,48.55297
73.33,57.198868
6.67,36.534912
93.33,45.927166
100.0,69.90548
66.67,42.755493
46.67,38.870125
100.0,59.409126
53.33,48.37242
60.0,54.220528
40.0,64.50849
73.33,56.152992
46.67,47.014435
66.67,58.21898
60.0,58.05133
46.67,41.473698
33.33,52.62587
66.67,44.228973
60.0,45.200092
86.67,64.89678
80.0,75.763725
6.67,38.537876
60.0,57.940643
46.67,59.685043
40.0,35.882046
80.0,58.73945
73.33,67.58375
13.33,41.75354
40.0,36.204163
53.33,50.029526
46.67,54.533356
93.33,51.87619
66.67,75.27921
86.67,71.54678
53.33,43.69219
40.0,46.233147
93.33,62.85327
13.33,39.62227
53.33,47.49221
46.67,42.211853
66.67,44.310085
60.0,73.73149
60.0,44.70193
13.33,40.71423
53.33,45.312866
60.0,38.967712
60.0,80.66401
53.33,49.787704
73.33,45.09872
80.0,57.952362
6.67,34.06546
80.0,47.03594
73.33,39.62229
53.33,37.124527
53.33,46.15246
26.67,57.05148
66.67,53.216522
20.0,32.228497
53.33,77.55445
33.33,33.004677
53.33,45.499004
73.33,51.519905
40.0,66.60978
13.33,40.537422
33.33,65.847565
46.67,38.768612
20.0,51.77211
33.33,37.976154
13.33,40.954575
53.33,80.419716
20.0,43.27968
33.33,63.205482
60.0,62.03119
100.0,80.96349
86.67,52.580914
80.0,52.757282
40.0,63.255966
0.0,32.71119
53.33,43.75821
0.0,30.303474
46.67,38.52744
86.67,49.24167
53.33,46.540638
53.33,43.998966
66.67,38.740803
33.33,39.07362
73.33,64.789696
73.33,63.786613
40.0,47.45302
46.67,50.076454
53.33,31.173285
86.67,84.88672
73.33,59.491566
33.33,31.519718
53.33,46.844654
40.0,45.95381
80.0,51.425026
53.33,48.64645
73.33,53.02282
33.33,31.084993
40.0,38.484203
33.33,62.13798
40.0,50.49426
40.0,36.98918
53.33,81.038666
46.67,61.52767
53.33,31.477736
100.0,58.22705
53.33,45.70764
60.0,68.542274
66.67,54.73326
46.67,58.065388
60.0,73.173
66.67,53.552868
40.0,37.385487
60.0,44.093132
60.0,57.96119
53.33,73.11332
40.0,47.83596
93.33,69.81049
13.33,40.887398
100.0,56.037773
93.33,62.47149
13.33,40.18006
6.67,37.68007
80.0,63.301178
33.33,29.60699
60.0,45.526722
0.0,32.391434
13.33,39.588146
46.67,69.769455
40.0,55.83358
66.67,36.58513
53.33,50.095314
6.67,37.733707
46.67,52.18962
46.67,60.858418
80.0,49.05049
80.0,41.05271
20.0,47.734543
33.33,47.609993
40.0,40.013336
80.0,66.4853
33.33,54.207733
26.67,54.83838
80.0,49.945168
53.33,62.662346
53.33,50.93875
33.33,45.075268
6.67,38.447395
20.0,31.223145
46.67,67.252556
80.0,76.037155
46.67,39.760395
66.67,47.149536
40.0,45.03473
53.33,44.016468
66.67,54.86012
66.67,68.400444
86.67,69.18365
53.33,36.349014
46.67,72.46152
60.0,31.320616
20.0,47.417732
46.67,62.37596
33.33,51.525146
26.67,54.607956
40.0,52.320732
53.33,70.23647
66.67,56.214622
33.33,36.603348
100.0,85.842155
13.33,41.251316
13.33,39.626694
33.33,53.514107
40.0,38.33728
13.33,40.743782
33.33,59.07876
13.33,40.68728
26.67,37.184708
20.0,36.783222
13.33,41.037254
20.0,45.397182
80.0,59.821903
33.33,46.91575
93.33,52.96697
73.33,58.170235
100.0,56.249237
26.67,48.31452
46.67,47.138195
46.67,40.720192
33.33,59.016075
40.0,64.506874
6.67,34.24391
93.33,52.127205
66.67,44.021484
53.33,46.233364
33.33,31.947615
86.67,61.078545
6.67,37.11149
66.67,37.171787
53.33,65.31814
80.0,38.400047
60.0,45.036514
73.33,43.890903
66.67,44.079967
66.67,57.194008
20.0,46.389847
66.67,73.421394
33.33,31.349133
60.0,69.01958
53.33,69.66127
80.0,63.17826
73.33,53.73026
73.33,62.74433
93.33,51.39888
33.33,31.131811
60.0,46.090775
80.0,70.703514
20.0,46.60112
80.0,46.465942
53.33,45.81529
46.67,70.31311
46.67,38.77162
40.0,42.13202
40.0,35.00608
93.33,86.03973
26.67,38.513447
40.0,39.925232
53.33,31.905407
0.0,30.970592
26.67,46.99401
80.0,57.221733
73.33,64.11515
86.67,48.94996
46.67,46.19801
53.33,33.557255
86.67,57.447227
26.67,42.56919
40.0,35.06687
73.33,39.029396
53.33,72.46967
66.67,56.24254
6.67,37.39892
46.67,40.001396
13.33,39.778683
33.33,65.22985
26.67,52.836266
73.33,56.467808
53.33,45.548225
26.67,45.027534
53.33,47.75289
60.0,70.103004
26.67,52.398888
60.0,52.781044
6.67,34.39113
86.67,78.39733
80.0,47.812263
0.0,31.375122
60.0,39.93331
26.67,39.95439
26.67,39.211086
73.33,63.26904
20.0,37.72164
66.67,36.725273
20.0,47.046238
46.67,61.40513
40.0,38.46596
13.33,39.60431
0.0,31.417198
60.0,49.6576
40.0,53.803024
33.33,48.904995
20.0,45.50356
93.33,57.770905
93.33,85.40171
66.67,88.35677
26.67,37.362072
66.67,46.346992
20.0,44.319733
80.0,61.08512
73.33,58.617558
13.33,39.094753
73.33,44.12182
40.0,36.573948
26.67,38.6431
40.0,70.13848
100.0,70.19195
93.33,58.672783
33.33,29.80619
33.33,54.378704
100.0,72.4784
46.67,59.339214
60.0,41.767323
40.0,38.59243
60.0,67.643616
66.67,41.709274
80.0,40.286194
20.0,49.10522
73.33,47.625587
53.33,46.947315
0.0,28.781885
13.33,41.559246
66.67,49.495857
60.0,47.232254
26.67,54.482143
53.33,45.88624
46.67,59.224735
26.67,42.736214
33.33,52.080765
86.67,54.576454
20.0,32.853287
53.33,45.009777
46.67,41.75107
60.0,63.554005
33.33,54.833374
100.0,65.21143
46.67,67.431206
66.67,38.65985
0.0,32.931286
60.0,57.29245
53.33,44.036064
66.67,80.110214
33.33,31.731781
60.0,43.074104
60.0,59.83393
66.67,42.432858
66.67,52.774887
80.0,67.66588
26.67,57.720097
46.67,39.70894
46.67,58.447746
66.67,57.11019
20.0,43.822144
53.33,46.16128
40.0,68.16235
100.0,74.75007
80.0,48.333138
66.67,37.88658
40.0,56.75753
66.67,45.796562
73.33,64.12138
40.0,68.82719
60.0,58.622616
60.0,43.14284
33.33,33.061066
73.33,40.807907
40.0,66.73028
6.67,38.928226
66.67,63.483334
46.67,38.596054
86.67,65.70041
60.0,39.86333
46.67,40.468807
80.0,55.342834
53.33,56.152527
33.33,46.451332
66.67,59.116352
46.67,56.379272
26.67,47.83441
40.0,58.624535
100.0,71.112434
80.0,54.404633
60.0,71.06965
73.33,54.040115
13.33,41.23961
46.67,41.645412
80.0,50.06703
6.67,38.37419
0.0,31.045065
40.0,47.15925
73.33,45.609657
46.67,41.237312
46.67,35.595062
0.0,30.55235
53.33,31.35498
46.67,41.00154
53.33,48.750954
46.67,68.930595
40.0,57.164375
33.33,61.24925
40.0,37.50797
100.0,85.926926
20.0,37.994286
40.0,57.501083
66.67,56.425938
26.67,35.78454
53.33,46.14824
40.0,38.805023
13.33,38.817
20.0,46.269386
53.33,52.17133
6.67,40.01393
80.0,53.542133
73.33,48.977497
80.0,36.543076
60.0,38.956055
13.33,41.292816
53.33,32.742023
53.33,38.30654
40.0,36.90238
66.67,57.509346
80.0,53.8004
0.0,29.94176
60.0,38.373474
66.67,52.834015
33.33,31.829275
86.67,54.296577
40.0,45.92048
60.0,33.638523
93.33,62.131668
53.33,43.43756
46.67,39.66851
80.0,60.787758
46.67,39.614063
100.0,55.580227
40.0,44.656517
46.67,49.408527
33.33,30.754854
100.0,80.38047
46.67,55.548325
86.67,82.39504
60.0,43.86248
40.0,47.148216
100.0,81.15015
46.67,38.86176
80.0,65.5487
66.67,67.20202
6.67,38.449364
66.67,58.134106
93.33,75.13383
86.67,35.535774
40.0,37.89041
60.0,35.677933
100.0,61.859478
33.33,32.715332
46.67,66.00109
73.33,52.078167
0.0,34.383175
13.33,40.110703
66.67,157.97105
60.0,38.270947
40.0,36.619255
66.67,45.543655
6.67,38.952053
66.67,58.375565
53.33,47.533085
93.33,70.62631
40.0,45.15237
46.67,71.79233
80.0,38.041428
40.0,37.986618
33.33,44.850204
53.33,84.64602
26.67,35.89126
40.0,36.491653
20.0,30.740047
66.67,47.96854
46.67,42.022987
26.67,49.273415
60.0,42.328354
46.67,74.85026
73.33,60.26097
60.0,63.47264
53.33,44.63253
80.0,60.54871
26.67,29.416122
40.0,37.048523
46.67,60.27194
20.0,45.853626
60.0,57.60328
33.33,51.502884
33.33,60.487293
46.67,41.829224
100.0,81.10089
60.0,39.588215
60.0,32.05508
80.0,55.689335
53.33,47.796383
60.0,39.981
46.67,46.323086
100.0,58.27558
6.67,39.999275
66.67,57.87053
100.0,75.56936
46.67,79.10735
93.33,51.67914
93.33,86.87693
66.67,55.8749
66.67,41.764004
26.67,45.29882
80.0,64.01667
20.0,45.51097
80.0,43.1064
33.33,32.152496
80.0,60.578697
60.0,75.23176
0.0,34.12082
53.33,46.091377
13.33,36.366962
86.67,66.054344
